start_date,end_date,pay_date,year,period_num
2013-12-22,2014-01-04,2014-01-10,2014,1
2014-01-05,2014-01-18,2014-01-24,2014,2
2014-01-19,2014-02-01,2014-02-07,2014,3
2014-02-02,2014-02-15,2014-02-21,2014,4
2014-02-16,2014-03-01,2014-03-07,2014,5
2014-03-02,2014-03-15,2014-03-21,2014,6
2014-03-16,2014-03-29,2014-04-04,2014,7
2014-03-30,2014-04-12,2014-04-18,2014,8
2014-04-13,2014-04-26,2014-05-02,2014,9
2014-04-27,2014-05-10,2014-05-16,2014,10
2014-05-11,2014-05-24,2014-05-30,2014,11
2014-05-25,2014-06-07,2014-06-13,2014,12
2014-06-08,2014-06-21,2014-06-27,2014,13
2014-06-22,2014-07-05,2014-07-11,2014,14
2014-07-06,2014-07-19,2014-07-25,2014,15
2014-07-20,2014-08-02,2014-08-08,2014,16
2014-08-03,2014-08-16,2014-08-22,2014,17
2014-08-17,2014-08-30,2014-09-05,2014,18
2014-08-31,2014-09-13,2014-09-19,2014,19
2014-09-14,2014-09-27,2014-10-03,2014,20
2014-09-28,2014-10-11,2014-10-17,2014,21
2014-10-12,2014-10-25,2014-10-31,2014,22
2014-10-26,2014-11-08,2014-11-14,2014,23
2014-11-09,2014-11-22,2014-11-28,2014,24
2014-11-23,2014-12-06,2014-12-12,2014,25
2014-12-07,2014-12-20,2014-12-26,2014,26
2014-12-21,2015-01-03,2015-01-09,2015,1
2015-01-04,2015-01-17,2015-01-23,2015,2
2015-01-18,2015-01-31,2015-02-06,2015,3
2015-02-01,2015-02-14,2015-02-20,2015,4
2015-02-15,2015-02-28,2015-03-06,2015,5
2015-03-01,2015-03-14,2015-03-20,2015,6
2015-03-15,2015-03-28,2015-04-03,2015,7
2015-03-29,2015-04-11,2015-04-17,2015,8
2015-04-12,2015-04-25,2015-05-01,2015,9
2015-04-26,2015-05-09,2015-05-15,2015,10
2015-05-10,2015-05-23,2015-05-29,2015,11
2015-05-24,2015-06-06,2015-06-12,2015,12
2015-06-07,2015-06-20,2015-06-26,2015,13
2015-06-21,2015-07-04,2015-07-10,2015,14
2015-07-05,2015-07-18,2015-07-24,2015,15
2015-07-19,2015-08-01,2015-08-07,2015,16
2015-08-02,2015-08-15,2015-08-21,2015,17
2015-08-16,2015-08-29,2015-09-04,2015,18
2015-08-30,2015-09-12,2015-09-18,2015,19
2015-09-13,2015-09-26,2015-10-02,2015,20
2015-09-27,2015-10-10,2015-10-16,2015,21
2015-10-11,2015-10-24,2015-10-30,2015,22
2015-10-25,2015-11-07,2015-11-13,2015,23
2015-11-08,2015-11-21,2015-11-27,2015,24
2015-11-22,2015-12-05,2015-12-11,2015,25
2015-12-06,2015-12-19,2015-12-25,2015,26
2015-12-20,2016-01-02,2016-01-08,2016,1
2016-01-03,2016-01-16,2016-01-22,2016,2
2016-01-17,2016-01-30,2016-02-05,2016,3
2016-01-31,2016-02-13,2016-02-19,2016,4
2016-02-14,2016-02-27,2016-03-04,2016,5
2016-02-28,2016-03-12,2016-03-18,2016,6
2016-03-13,2016-03-26,2016-04-01,2016,7
2016-03-27,2016-04-09,2016-04-15,2016,8
2016-04-10,2016-04-23,2016-04-29,2016,9
2016-04-24,2016-05-07,2016-05-13,2016,10
2016-05-08,2016-05-21,2016-05-27,2016,11
2016-05-22,2016-06-04,2016-06-10,2016,12
2016-06-05,2016-06-18,2016-06-24,2016,13
2016-06-19,2016-07-02,2016-07-08,2016,14
2016-07-03,2016-07-16,2016-07-22,2016,15
2016-07-17,2016-07-30,2016-08-05,2016,16
2016-07-31,2016-08-13,2016-08-19,2016,17
2016-08-14,2016-08-27,2016-09-02,2016,18
2016-08-28,2016-09-10,2016-09-16,2016,19
2016-09-11,2016-09-24,2016-09-30,2016,20
2016-09-25,2016-10-08,2016-10-14,2016,21
2016-10-09,2016-10-22,2016-10-28,2016,22
2016-10-23,2016-11-05,2016-11-11,2016,23
2016-11-06,2016-11-19,2016-11-25,2016,24
2016-11-20,2016-12-03,2016-12-09,2016,25
2016-12-04,2016-12-17,2016-12-23,2016,26
2016-12-18,2016-12-31,2017-01-06,2017,1
2017-01-01,2017-01-14,2017-01-20,2017,2
2017-01-15,2017-01-28,2017-02-03,2017,3
2017-01-29,2017-02-11,2017-02-17,2017,4
2017-02-12,2017-02-25,2017-03-03,2017,5
2017-02-26,2017-03-11,2017-03-17,2017,6
2017-03-12,2017-03-25,2017-03-31,2017,7
2017-03-26,2017-04-08,2017-04-14,2017,8
2017-04-09,2017-04-22,2017-04-28,2017,9
2017-04-23,2017-05-06,2017-05-12,2017,10
2017-05-07,2017-05-20,2017-05-26,2017,11
2017-05-21,2017-06-03,2017-06-09,2017,12
2017-06-04,2017-06-17,2017-06-23,2017,13
2017-06-18,2017-07-01,2017-07-07,2017,14
2017-07-02,2017-07-15,2017-07-21,2017,15
2017-07-16,2017-07-29,2017-08-04,2017,16
2017-07-30,2017-08-12,2017-08-18,2017,17
2017-08-13,2017-08-26,2017-09-01,2017,18
2017-08-27,2017-09-09,2017-09-15,2017,19
2017-09-10,2017-09-23,2017-09-29,2017,20
2017-09-24,2017-10-07,2017-10-13,2017,21
2017-10-08,2017-10-21,2017-10-27,2017,22
2017-10-22,2017-11-04,2017-11-10,2017,23
2017-11-05,2017-11-18,2017-11-24,2017,24
2017-11-19,2017-12-02,2017-12-08,2017,25
2017-12-03,2017-12-16,2017-12-22,2017,26
2017-12-17,2017-12-30,2018-01-05,2018,1
2017-12-31,2018-01-13,2018-01-19,2018,2
2018-01-14,2018-01-27,2018-02-02,2018,3
2018-01-28,2018-02-10,2018-02-16,2018,4
2018-02-11,2018-02-24,2018-03-02,2018,5
2018-02-25,2018-03-10,2018-03-16,2018,6
2018-03-11,2018-03-24,2018-03-30,2018,7
2018-03-25,2018-04-07,2018-04-13,2018,8
2018-04-08,2018-04-21,2018-04-27,2018,9
2018-04-22,2018-05-05,2018-05-11,2018,10
2018-05-06,2018-05-19,2018-05-25,2018,11
2018-05-20,2018-06-02,2018-06-08,2018,12
2018-06-03,2018-06-16,2018-06-22,2018,13
2018-06-17,2018-06-30,2018-07-06,2018,14
2018-07-01,2018-07-14,2018-07-20,2018,15
2018-07-15,2018-07-28,2018-08-03,2018,16
2018-07-29,2018-08-11,2018-08-17,2018,17
2018-08-12,2018-08-25,2018-08-31,2018,18
2018-08-26,2018-09-08,2018-09-14,2018,19
2018-09-09,2018-09-22,2018-09-28,2018,20
2018-09-23,2018-10-06,2018-10-12,2018,21
2018-10-07,2018-10-20,2018-10-26,2018,22
2018-10-21,2018-11-03,2018-11-09,2018,23
2018-11-04,2018-11-17,2018-11-23,2018,24
2018-11-18,2018-12-01,2018-12-07,2018,25
2018-12-02,2018-12-15,2018-12-21,2018,26
2018-12-16,2018-12-29,2019-01-04,2019,1
2018-12-30,2019-01-12,2019-01-18,2019,2
2019-01-13,2019-01-26,2019-02-01,2019,3
2019-01-27,2019-02-09,2019-02-15,2019,4
2019-02-10,2019-02-23,2019-03-01,2019,5
2019-02-24,2019-03-09,2019-03-15,2019,6
2019-03-10,2019-03-23,2019-03-29,2019,7
2019-03-24,2019-04-06,2019-04-12,2019,8
2019-04-07,2019-04-20,2019-04-26,2019,9
2019-04-21,2019-05-04,2019-05-10,2019,10
2019-05-05,2019-05-18,2019-05-24,2019,11
2019-05-19,2019-06-01,2019-06-07,2019,12
2019-06-02,2019-06-15,2019-06-21,2019,13
2019-06-16,2019-06-29,2019-07-05,2019,14
2019-06-30,2019-07-13,2019-07-19,2019,15
2019-07-14,2019-07-27,2019-08-02,2019,16
2019-07-28,2019-08-10,2019-08-16,2019,17
2019-08-11,2019-08-24,2019-08-30,2019,18
2019-08-25,2019-09-07,2019-09-13,2019,19
2019-09-08,2019-09-21,2019-09-27,2019,20
2019-09-22,2019-10-05,2019-10-11,2019,21
2019-10-06,2019-10-19,2019-10-25,2019,22
2019-10-20,2019-11-02,2019-11-08,2019,23
2019-11-03,2019-11-16,2019-11-22,2019,24
2019-11-17,2019-11-30,2019-12-06,2019,25
2019-12-01,2019-12-14,2019-12-20,2019,26
2019-12-15,2019-12-28,2020-01-03,2020,1
2019-12-29,2020-01-11,2020-01-17,2020,2
2020-01-12,2020-01-25,2020-01-31,2020,3
2020-01-26,2020-02-08,2020-02-14,2020,4
2020-02-09,2020-02-22,2020-02-28,2020,5
2020-02-23,2020-03-07,2020-03-13,2020,6
2020-03-08,2020-03-21,2020-03-27,2020,7
2020-03-22,2020-04-04,2020-04-10,2020,8
2020-04-05,2020-04-18,2020-04-24,2020,9
2020-04-19,2020-05-02,2020-05-08,2020,10
2020-05-03,2020-05-16,2020-05-22,2020,11
2020-05-17,2020-05-30,2020-06-05,2020,12
2020-05-31,2020-06-13,2020-06-19,2020,13
2020-06-14,2020-06-27,2020-07-03,2020,14
2020-06-28,2020-07-11,2020-07-17,2020,15
2020-07-12,2020-07-25,2020-07-31,2020,16
2020-07-26,2020-08-08,2020-08-14,2020,17
2020-08-09,2020-08-22,2020-08-28,2020,18
2020-08-23,2020-09-05,2020-09-11,2020,19
2020-09-06,2020-09-19,2020-09-25,2020,20
2020-09-20,2020-10-03,2020-10-09,2020,21
2020-10-04,2020-10-17,2020-10-23,2020,22
2020-10-18,2020-10-31,2020-11-06,2020,23
2020-11-01,2020-11-14,2020-11-20,2020,24
2020-11-15,2020-11-28,2020-12-04,2020,25
2020-11-29,2020-12-12,2020-12-18,2020,26
2020-12-13,2020-12-26,2021-01-01,2021,1
2020-12-27,2021-01-09,2021-01-15,2021,2
2021-01-10,2021-01-23,2021-01-29,2021,3
2021-01-24,2021-02-06,2021-02-12,2021,4
2021-02-07,2021-02-20,2021-02-26,2021,5
2021-02-21,2021-03-06,2021-03-12,2021,6
2021-03-07,2021-03-20,2021-03-26,2021,7
2021-03-21,2021-04-03,2021-04-09,2021,8
2021-04-04,2021-04-17,2021-04-23,2021,9
2021-04-18,2021-05-01,2021-05-07,2021,10
2021-05-02,2021-05-15,2021-05-21,2021,11
2021-05-16,2021-05-29,2021-06-04,2021,12
2021-05-30,2021-06-12,2021-06-18,2021,13
2021-06-13,2021-06-26,2021-07-02,2021,14
2021-06-27,2021-07-10,2021-07-16,2021,15
2021-07-11,2021-07-24,2021-07-30,2021,16
2021-07-25,2021-08-07,2021-08-13,2021,17
2021-08-08,2021-08-21,2021-08-27,2021,18
2021-08-22,2021-09-04,2021-09-10,2021,19
2021-09-05,2021-09-18,2021-09-24,2021,20
2021-09-19,2021-10-02,2021-10-08,2021,21
2021-10-03,2021-10-16,2021-10-22,2021,22
2021-10-17,2021-10-30,2021-11-05,2021,23
2021-10-31,2021-11-13,2021-11-19,2021,24
2021-11-14,2021-11-27,2021-12-03,2021,25
2021-11-28,2021-12-11,2021-12-17,2021,26
2021-12-12,2021-12-25,2021-12-31,2021,27
2021-12-26,2022-01-08,2022-01-14,2022,1
2022-01-09,2022-01-22,2022-01-28,2022,2
2022-01-23,2022-02-05,2022-02-11,2022,3
2022-02-06,2022-02-19,2022-02-25,2022,4
2022-02-20,2022-03-05,2022-03-11,2022,5
2022-03-06,2022-03-19,2022-03-25,2022,6
2022-03-20,2022-04-02,2022-04-08,2022,7
2022-04-03,2022-04-16,2022-04-22,2022,8
2022-04-17,2022-04-30,2022-05-06,2022,9
2022-05-01,2022-05-14,2022-05-20,2022,10
2022-05-15,2022-05-28,2022-06-03,2022,11
2022-05-29,2022-06-11,2022-06-17,2022,12
2022-06-12,2022-06-25,2022-07-01,2022,13
2022-06-26,2022-07-09,2022-07-15,2022,14
2022-07-10,2022-07-23,2022-07-29,2022,15
2022-07-24,2022-08-06,2022-08-12,2022,16
2022-08-07,2022-08-20,2022-08-26,2022,17
2022-08-21,2022-09-03,2022-09-09,2022,18
2022-09-04,2022-09-17,2022-09-23,2022,19
2022-09-18,2022-10-01,2022-10-07,2022,20
2022-10-02,2022-10-15,2022-10-21,2022,21
2022-10-16,2022-10-29,2022-11-04,2022,22
2022-10-30,2022-11-12,2022-11-18,2022,23
2022-11-13,2022-11-26,2022-12-02,2022,24
2022-11-27,2022-12-10,2022-12-16,2022,25
2022-12-11,2022-12-24,2022-12-30,2022,26
2022-12-25,2023-01-07,2023-01-13,2023,1
2023-01-08,2023-01-21,2023-01-27,2023,2
2023-01-22,2023-02-04,2023-02-10,2023,3
2023-02-05,2023-02-18,2023-02-24,2023,4
2023-02-19,2023-03-04,2023-03-10,2023,5
2023-03-05,2023-03-18,2023-03-24,2023,6
2023-03-19,2023-04-01,2023-04-07,2023,7
2023-04-02,2023-04-15,2023-04-21,2023,8
2023-04-16,2023-04-29,2023-05-05,2023,9
2023-04-30,2023-05-13,2023-05-19,2023,10
2023-05-14,2023-05-27,2023-06-02,2023,11
2023-05-28,2023-06-10,2023-06-16,2023,12
2023-06-11,2023-06-24,2023-06-30,2023,13
2023-06-25,2023-07-08,2023-07-14,2023,14
2023-07-09,2023-07-22,2023-07-28,2023,15
2023-07-23,2023-08-05,2023-08-11,2023,16
2023-08-06,2023-08-19,2023-08-25,2023,17
2023-08-20,2023-09-02,2023-09-08,2023,18
2023-09-03,2023-09-16,2023-09-22,2023,19
2023-09-17,2023-09-30,2023-10-06,2023,20
2023-10-01,2023-10-14,2023-10-20,2023,21
2023-10-15,2023-10-28,2023-11-03,2023,22
2023-10-29,2023-11-11,2023-11-17,2023,23
2023-11-12,2023-11-25,2023-12-01,2023,24
2023-11-26,2023-12-09,2023-12-15,2023,25
2023-12-10,2023-12-23,2023-12-29,2023,26
2023-12-24,2024-01-06,2024-01-12,2024,1
2024-01-07,2024-01-20,2024-01-26,2024,2
2024-01-21,2024-02-03,2024-02-09,2024,3
2024-02-04,2024-02-17,2024-02-23,2024,4
2024-02-18,2024-03-02,2024-03-08,2024,5
2024-03-03,2024-03-16,2024-03-22,2024,6
2024-03-17,2024-03-30,2024-04-05,2024,7
2024-03-31,2024-04-13,2024-04-19,2024,8
2024-04-14,2024-04-27,2024-05-03,2024,9
2024-04-28,2024-05-11,2024-05-17,2024,10
2024-05-12,2024-05-25,2024-05-31,2024,11
2024-05-26,2024-06-08,2024-06-14,2024,12
2024-06-09,2024-06-22,2024-06-28,2024,13
2024-06-23,2024-07-06,2024-07-12,2024,14
2024-07-07,2024-07-20,2024-07-26,2024,15
2024-07-21,2024-08-03,2024-08-09,2024,16
2024-08-04,2024-08-17,2024-08-23,2024,17
2024-08-18,2024-08-31,2024-09-06,2024,18
2024-09-01,2024-09-14,2024-09-20,2024,19
2024-09-15,2024-09-28,2024-10-04,2024,20
2024-09-29,2024-10-12,2024-10-18,2024,21
2024-10-13,2024-10-26,2024-11-01,2024,22
2024-10-27,2024-11-09,2024-11-15,2024,23
2024-11-10,2024-11-23,2024-11-29,2024,24
2024-11-24,2024-12-07,2024-12-13,2024,25
2024-12-08,2024-12-21,2024-12-27,2024,26
2024-12-22,2025-01-04,2025-01-10,2025,1
2025-01-05,2025-01-18,2025-01-24,2025,2
2025-01-19,2025-02-01,2025-02-07,2025,3
2025-02-02,2025-02-15,2025-02-21,2025,4
2025-02-16,2025-03-01,2025-03-07,2025,5
2025-03-02,2025-03-15,2025-03-21,2025,6
2025-03-16,2025-03-29,2025-04-04,2025,7
2025-03-30,2025-04-12,2025-04-18,2025,8
2025-04-13,2025-04-26,2025-05-02,2025,9
2025-04-27,2025-05-10,2025-05-16,2025,10
2025-05-11,2025-05-24,2025-05-30,2025,11
2025-05-25,2025-06-07,2025-06-13,2025,12
2025-06-08,2025-06-21,2025-06-27,2025,13
2025-06-22,2025-07-05,2025-07-11,2025,14
2025-07-06,2025-07-19,2025-07-25,2025,15
2025-07-20,2025-08-02,2025-08-08,2025,16
2025-08-03,2025-08-16,2025-08-22,2025,17
2025-08-17,2025-08-30,2025-09-05,2025,18
2025-08-31,2025-09-13,2025-09-19,2025,19
2025-09-14,2025-09-27,2025-10-03,2025,20
2025-09-28,2025-10-11,2025-10-17,2025,21
2025-10-12,2025-10-25,2025-10-31,2025,22
2025-10-26,2025-11-08,2025-11-14,2025,23
2025-11-09,2025-11-22,2025-11-28,2025,24
2025-11-23,2025-12-06,2025-12-12,2025,25
2025-12-07,2025-12-20,2025-12-26,2025,26
2025-12-21,2026-01-03,2026-01-09,2026,1
2026-01-04,2026-01-17,2026-01-23,2026,2
2026-01-18,2026-01-31,2026-02-06,2026,3
2026-02-01,2026-02-14,2026-02-20,2026,4
2026-02-15,2026-02-28,2026-03-06,2026,5
2026-03-01,2026-03-14,2026-03-20,2026,6
2026-03-15,2026-03-28,2026-04-03,2026,7
2026-03-29,2026-04-11,2026-04-17,2026,8
2026-04-12,2026-04-25,2026-05-01,2026,9
2026-04-26,2026-05-09,2026-05-15,2026,10
2026-05-10,2026-05-23,2026-05-29,2026,11
2026-05-24,2026-06-06,2026-06-12,2026,12
2026-06-07,2026-06-20,2026-06-26,2026,13
2026-06-21,2026-07-04,2026-07-10,2026,14
2026-07-05,2026-07-18,2026-07-24,2026,15
2026-07-19,2026-08-01,2026-08-07,2026,16
2026-08-02,2026-08-15,2026-08-21,2026,17
2026-08-16,2026-08-29,2026-09-04,2026,18
2026-08-30,2026-09-12,2026-09-18,2026,19
2026-09-13,2026-09-26,2026-10-02,2026,20
2026-09-27,2026-10-10,2026-10-16,2026,21
2026-10-11,2026-10-24,2026-10-30,2026,22
2026-10-25,2026-11-07,2026-11-13,2026,23
2026-11-08,2026-11-21,2026-11-27,2026,24
2026-11-22,2026-12-05,2026-12-11,2026,25
2026-12-06,2026-12-19,2026-12-25,2026,26
2026-12-20,2027-01-02,2027-01-08,2027,1
2027-01-03,2027-01-16,2027-01-22,2027,2
2027-01-17,2027-01-30,2027-02-05,2027,3
2027-01-31,2027-02-13,2027-02-19,2027,4
2027-02-14,2027-02-27,2027-03-05,2027,5
2027-02-28,2027-03-13,2027-03-19,2027,6
2027-03-14,2027-03-27,2027-04-02,2027,7
2027-03-28,2027-04-10,2027-04-16,2027,8
2027-04-11,2027-04-24,2027-04-30,2027,9
2027-04-25,2027-05-08,2027-05-14,2027,10
2027-05-09,2027-05-22,2027-05-28,2027,11
2027-05-23,2027-06-05,2027-06-11,2027,12
2027-06-06,2027-06-19,2027-06-25,2027,13
2027-06-20,2027-07-03,2027-07-09,2027,14
2027-07-04,2027-07-17,2027-07-23,2027,15
2027-07-18,2027-07-31,2027-08-06,2027,16
2027-08-01,2027-08-14,2027-08-20,2027,17
2027-08-15,2027-08-28,2027-09-03,2027,18
2027-08-29,2027-09-11,2027-09-17,2027,19
2027-09-12,2027-09-25,2027-10-01,2027,20
2027-09-26,2027-10-09,2027-10-15,2027,21
2027-10-10,2027-10-23,2027-10-29,2027,22
2027-10-24,2027-11-06,2027-11-12,2027,23
2027-11-07,2027-11-20,2027-11-26,2027,24
2027-11-21,2027-12-04,2027-12-10,2027,25
2027-12-05,2027-12-18,2027-12-24,2027,26
2027-12-19,2028-01-01,2028-01-07,2028,1
2028-01-02,2028-01-15,2028-01-21,2028,2
2028-01-16,2028-01-29,2028-02-04,2028,3
2028-01-30,2028-02-12,2028-02-18,2028,4
2028-02-13,2028-02-26,2028-03-03,2028,5
2028-02-27,2028-03-11,2028-03-17,2028,6
2028-03-12,2028-03-25,2028-03-31,2028,7
2028-03-26,2028-04-08,2028-04-14,2028,8
2028-04-09,2028-04-22,2028-04-28,2028,9
2028-04-23,2028-05-06,2028-05-12,2028,10
2028-05-07,2028-05-20,2028-05-26,2028,11
2028-05-21,2028-06-03,2028-06-09,2028,12
2028-06-04,2028-06-17,2028-06-23,2028,13
2028-06-18,2028-07-01,2028-07-07,2028,14
2028-07-02,2028-07-15,2028-07-21,2028,15
2028-07-16,2028-07-29,2028-08-04,2028,16
2028-07-30,2028-08-12,2028-08-18,2028,17
2028-08-13,2028-08-26,2028-09-01,2028,18
2028-08-27,2028-09-09,2028-09-15,2028,19
2028-09-10,2028-09-23,2028-09-29,2028,20
2028-09-24,2028-10-07,2028-10-13,2028,21
2028-10-08,2028-10-21,2028-10-27,2028,22
2028-10-22,2028-11-04,2028-11-10,2028,23
2028-11-05,2028-11-18,2028-11-24,2028,24
2028-11-19,2028-12-02,2028-12-08,2028,25
2028-12-03,2028-12-16,2028-12-22,2028,26
2028-12-17,2028-12-30,2029-01-05,2029,1
2028-12-31,2029-01-13,2029-01-19,2029,2
2029-01-14,2029-01-27,2029-02-02,2029,3
2029-01-28,2029-02-10,2029-02-16,2029,4
2029-02-11,2029-02-24,2029-03-02,2029,5
2029-02-25,2029-03-10,2029-03-16,2029,6
2029-03-11,2029-03-24,2029-03-30,2029,7
2029-03-25,2029-04-07,2029-04-13,2029,8
2029-04-08,2029-04-21,2029-04-27,2029,9
2029-04-22,2029-05-05,2029-05-11,2029,10
2029-05-06,2029-05-19,2029-05-25,2029,11
2029-05-20,2029-06-02,2029-06-08,2029,12
2029-06-03,2029-06-16,2029-06-22,2029,13
2029-06-17,2029-06-30,2029-07-06,2029,14
2029-07-01,2029-07-14,2029-07-20,2029,15
2029-07-15,2029-07-28,2029-08-03,2029,16
2029-07-29,2029-08-11,2029-08-17,2029,17
2029-08-12,2029-08-25,2029-08-31,2029,18
2029-08-26,2029-09-08,2029-09-14,2029,19
2029-09-09,2029-09-22,2029-09-28,2029,20
2029-09-23,2029-10-06,2029-10-12,2029,21
2029-10-07,2029-10-20,2029-10-26,2029,22
2029-10-21,2029-11-03,2029-11-09,2029,23
2029-11-04,2029-11-17,2029-11-23,2029,24
2029-11-18,2029-12-01,2029-12-07,2029,25
2029-12-02,2029-12-15,2029-12-21,2029,26
2029-12-16,2029-12-29,2030-01-04,2030,1
2029-12-30,2030-01-12,2030-01-18,2030,2
2030-01-13,2030-01-26,2030-02-01,2030,3
2030-01-27,2030-02-09,2030-02-15,2030,4
2030-02-10,2030-02-23,2030-03-01,2030,5
2030-02-24,2030-03-09,2030-03-15,2030,6
2030-03-10,2030-03-23,2030-03-29,2030,7
2030-03-24,2030-04-06,2030-04-12,2030,8
2030-04-07,2030-04-20,2030-04-26,2030,9
2030-04-21,2030-05-04,2030-05-10,2030,10
2030-05-05,2030-05-18,2030-05-24,2030,11
2030-05-19,2030-06-01,2030-06-07,2030,12
2030-06-02,2030-06-15,2030-06-21,2030,13
2030-06-16,2030-06-29,2030-07-05,2030,14
2030-06-30,2030-07-13,2030-07-19,2030,15
2030-07-14,2030-07-27,2030-08-02,2030,16
2030-07-28,2030-08-10,2030-08-16,2030,17
2030-08-11,2030-08-24,2030-08-30,2030,18
2030-08-25,2030-09-07,2030-09-13,2030,19
2030-09-08,2030-09-21,2030-09-27,2030,20
2030-09-22,2030-10-05,2030-10-11,2030,21
2030-10-06,2030-10-19,2030-10-25,2030,22
2030-10-20,2030-11-02,2030-11-08,2030,23
2030-11-03,2030-11-16,2030-11-22,2030,24
2030-11-17,2030-11-30,2030-12-06,2030,25
2030-12-01,2030-12-14,2030-12-20,2030,26
2030-12-15,2030-12-28,2031-01-03,2031,1
2030-12-29,2031-01-11,2031-01-17,2031,2
2031-01-12,2031-01-25,2031-01-31,2031,3
2031-01-26,2031-02-08,2031-02-14,2031,4
2031-02-09,2031-02-22,2031-02-28,2031,5
2031-02-23,2031-03-08,2031-03-14,2031,6
2031-03-09,2031-03-22,2031-03-28,2031,7
2031-03-23,2031-04-05,2031-04-11,2031,8
2031-04-06,2031-04-19,2031-04-25,2031,9
2031-04-20,2031-05-03,2031-05-09,2031,10
2031-05-04,2031-05-17,2031-05-23,2031,11
2031-05-18,2031-05-31,2031-06-06,2031,12
2031-06-01,2031-06-14,2031-06-20,2031,13
2031-06-15,2031-06-28,2031-07-04,2031,14
2031-06-29,2031-07-12,2031-07-18,2031,15
2031-07-13,2031-07-26,2031-08-01,2031,16
2031-07-27,2031-08-09,2031-08-15,2031,17
2031-08-10,2031-08-23,2031-08-29,2031,18
2031-08-24,2031-09-06,2031-09-12,2031,19
2031-09-07,2031-09-20,2031-09-26,2031,20
2031-09-21,2031-10-04,2031-10-10,2031,21
2031-10-05,2031-10-18,2031-10-24,2031,22
2031-10-19,2031-11-01,2031-11-07,2031,23
2031-11-02,2031-11-15,2031-11-21,2031,24
2031-11-16,2031-11-29,2031-12-05,2031,25
2031-11-30,2031-12-13,2031-12-19,2031,26
2031-12-14,2031-12-27,2032-01-02,2032,1
2031-12-28,2032-01-10,2032-01-16,2032,2
2032-01-11,2032-01-24,2032-01-30,2032,3
2032-01-25,2032-02-07,2032-02-13,2032,4
2032-02-08,2032-02-21,2032-02-27,2032,5
2032-02-22,2032-03-06,2032-03-12,2032,6
2032-03-07,2032-03-20,2032-03-26,2032,7
2032-03-21,2032-04-03,2032-04-09,2032,8
2032-04-04,2032-04-17,2032-04-23,2032,9
2032-04-18,2032-05-01,2032-05-07,2032,10
2032-05-02,2032-05-15,2032-05-21,2032,11
2032-05-16,2032-05-29,2032-06-04,2032,12
2032-05-30,2032-06-12,2032-06-18,2032,13
2032-06-13,2032-06-26,2032-07-02,2032,14
2032-06-27,2032-07-10,2032-07-16,2032,15
2032-07-11,2032-07-24,2032-07-30,2032,16
2032-07-25,2032-08-07,2032-08-13,2032,17
2032-08-08,2032-08-21,2032-08-27,2032,18
2032-08-22,2032-09-04,2032-09-10,2032,19
2032-09-05,2032-09-18,2032-09-24,2032,20
2032-09-19,2032-10-02,2032-10-08,2032,21
2032-10-03,2032-10-16,2032-10-22,2032,22
2032-10-17,2032-10-30,2032-11-05,2032,23
2032-10-31,2032-11-13,2032-11-19,2032,24
2032-11-14,2032-11-27,2032-12-03,2032,25
2032-11-28,2032-12-11,2032-12-17,2032,26
2032-12-12,2032-12-25,2032-12-31,2032,27
2032-12-26,2033-01-08,2033-01-14,2033,1
2033-01-09,2033-01-22,2033-01-28,2033,2
2033-01-23,2033-02-05,2033-02-11,2033,3
2033-02-06,2033-02-19,2033-02-25,2033,4
2033-02-20,2033-03-05,2033-03-11,2033,5
2033-03-06,2033-03-19,2033-03-25,2033,6
2033-03-20,2033-04-02,2033-04-08,2033,7
2033-04-03,2033-04-16,2033-04-22,2033,8
2033-04-17,2033-04-30,2033-05-06,2033,9
2033-05-01,2033-05-14,2033-05-20,2033,10
2033-05-15,2033-05-28,2033-06-03,2033,11
2033-05-29,2033-06-11,2033-06-17,2033,12
2033-06-12,2033-06-25,2033-07-01,2033,13
2033-06-26,2033-07-09,2033-07-15,2033,14
2033-07-10,2033-07-23,2033-07-29,2033,15
2033-07-24,2033-08-06,2033-08-12,2033,16
2033-08-07,2033-08-20,2033-08-26,2033,17
2033-08-21,2033-09-03,2033-09-09,2033,18
2033-09-04,2033-09-17,2033-09-23,2033,19
2033-09-18,2033-10-01,2033-10-07,2033,20
2033-10-02,2033-10-15,2033-10-21,2033,21
2033-10-16,2033-10-29,2033-11-04,2033,22
2033-10-30,2033-11-12,2033-11-18,2033,23
2033-11-13,2033-11-26,2033-12-02,2033,24
